experiment,seed,accepted,strict_success,reason,steps,sim_seconds,ik_failure_rate,clipping_rate,tracking_position_p95,tracking_rotation_p95,windows,validation_passed,observations,max_roundtrip_error,rgb_static_frames,rgb_wrist_frames,reach_start_step,reach_end_step,grasp_start_step,grasp_end_step,pull_start_step,pull_end_step,transport_start_step,transport_end_step,drop_start_step,drop_end_step,success_chain_held15_step,success_chain_first_detach_after_grasp_step,success_chain_release_step,success_chain_step
dev_v0,1000074,False,False,grasp_timeout,385,12.833333333333334,0.0,0.007792207792207792,0.00755159614779168,0.008713088037816398,72,True,386,5.573328465402483e-09,386,386,0,25,25,385,,,,,,,,,,
dev_v0,1000106,True,True,strict_success,955,31.833333333333332,0.016753926701570682,0.10890052356020942,0.01543402690685574,0.04734628766535473,186,True,956,1.4874760666250264e-08,956,956,0,115,115,330,330,440,440,885,885,955,330,439,890,954
dev_v0,1000235,True,True,strict_success,895,29.833333333333332,0.0,0.12960893854748604,0.015663394402101922,0.06240019552841088,174,True,896,1.47685790090335e-08,896,896,0,55,55,275,275,340,340,825,825,895,275,336,830,894
dev_v0,1000268,False,False,grasp_timeout,425,14.166666666666666,0.0,0.004705882352941176,0.013607050889754741,0.007828493682202783,80,True,426,3.741773779708524e-09,426,426,0,65,65,425,,,,,,,,,,
dev_v0,1000356,True,True,strict_success,915,30.5,0.0,0.12240437158469945,0.01563910268602487,0.06014827596385355,178,True,916,1.4348274957054485e-08,916,916,0,55,55,280,280,355,355,845,845,915,280,352,850,914
dev_v0,1000576,True,True,strict_success,1020,34.0,0.000980392156862745,0.1715686274509804,0.01856401069249839,0.05666072156384085,199,True,1021,1.4360008279701297e-08,1021,1021,0,130,130,340,340,395,395,945,945,1020,340,393,950,1016
h1_v0,1000268,False,False,grasp_timeout,489,16.3,0.0,0.0,0.004989511478516416,0.004124027811635424,460,True,490,3.6518389701090115e-09,490,490,0,129,129,489,,,,,,,,,,
dev_v1,1000074,False,False,grasp_timeout,395,13.166666666666666,0.0,0.0,0.016578797718629513,0.02652210555974149,74,True,396,6.896555215796241e-09,396,396,0,35,35,395,,,,,,,,,,
dev_v1,1000106,True,True,strict_success,1070,35.666666666666664,0.0,0.004672897196261682,0.011631850240181648,0.01957487393587069,209,True,1071,1.4192255926026576e-08,1071,1071,0,165,165,290,290,405,405,1000,1000,1070,290,401,1005,1069
dev_v1,1000235,True,True,strict_success,1145,38.166666666666664,0.0,0.00611353711790393,0.01105040047712343,0.030846194203287446,224,True,1146,7.360073661644151e-09,1146,1146,0,75,75,205,205,270,270,1075,1075,1145,205,270,1080,1144
dev_v1,1000268,False,False,grasp_timeout,445,14.833333333333334,0.0,0.0,0.017576200383129348,0.031691975155406456,84,True,446,3.4507861013111096e-09,446,446,0,85,85,445,,,,,,,,,,
dev_v1,1000356,True,True,strict_success,1180,39.333333333333336,0.0,0.006779661016949152,0.011324777778684823,0.031389529869311976,231,True,1181,7.408029356614776e-09,1181,1181,0,75,75,205,205,280,280,1110,1110,1180,205,279,1115,1179
dev_v1,1000576,True,True,strict_success,1190,39.666666666666664,0.03697478991596639,0.0,0.010349557197377826,0.03174668072189558,233,True,1191,7.364298892920118e-09,1191,1191,0,180,180,310,310,370,370,1120,1120,1190,310,368,1125,1189
gate_c_v1,8100000,False,False,transport_timeout,1170,39.0,0.0,0.008547008547008548,0.013022439002828156,0.03189651349169351,229,True,1171,7.226343246014011e-09,1171,1171,0,65,65,195,195,270,270,1170,,,,,,
gate_c_v1,8100001,False,False,transport_timeout,1185,39.5,0.0,0.006751054852320675,0.012887560381901003,0.03239020426457652,232,True,1186,7.876838813147824e-09,1186,1186,0,80,80,210,210,285,285,1185,,,,,,
gate_c_v1,8100002,False,False,transport_timeout,1200,40.0,0.0025,0.004166666666666667,0.013333819027995773,0.03121521348329602,235,True,1201,6.975359970184947e-09,1201,1201,0,90,90,220,220,300,300,1200,,,,,,
gate_c_v1,8100003,True,True,strict_success,1155,38.5,0.0008658008658008658,0.009523809523809525,0.011085185200555008,0.030606551874352277,226,True,1156,7.275789689481504e-09,1156,1156,0,70,70,200,200,270,270,1085,1085,1155,200,268,1090,1154
gate_c_v1,8100004,False,False,transport_timeout,1210,40.333333333333336,0.006611570247933884,0.012396694214876033,0.013252996046411539,0.032798864469594215,237,True,1211,7.26936075223783e-09,1211,1211,0,110,110,240,240,310,310,1210,,,,,,
gate_c_v1,8100005,False,False,transport_timeout,1295,43.166666666666664,0.3528957528957529,0.0069498069498069494,0.019443102439499184,0.036752218812395154,254,True,1296,1.283760261983069e-08,1296,1296,0,205,205,325,325,395,395,1295,,,,,,
gate_c_v1,8100006,True,True,strict_success,1255,41.833333333333336,0.0,0.010358565737051793,0.010876942828656167,0.029398518882535116,246,True,1256,7.479511412999962e-09,1256,1256,0,60,60,250,250,385,385,1185,1185,1255,250,383,1190,1254
gate_c_v1,8100007,False,False,reach_timeout,360,12.0,0.0,0.0,0.018042675663335606,0.04170245857924733,67,True,361,3.471867376925175e-09,361,361,0,360,,,,,,,,,,,,
gate_c_v1,8100008,False,False,transport_timeout,1155,38.5,0.0,0.005194805194805195,0.013035026046110088,0.032770443800874724,226,True,1156,7.539936308122164e-09,1156,1156,0,60,60,190,190,255,255,1155,,,,,,
gate_c_v1,8100009,True,True,strict_success,1285,42.833333333333336,0.030350194552529183,0.011673151750972763,0.012693839002546344,0.033964543942818844,252,True,1286,7.2666612865868174e-09,1286,1286,0,175,175,300,300,375,375,1215,1215,1285,300,374,1220,1284
gate_c_v1,8100010,True,True,strict_success,1205,40.166666666666664,0.009128630705394191,0.009128630705394191,0.010882440728708472,0.029899433111701196,236,True,1206,7.187066664027242e-09,1206,1206,0,105,105,235,235,340,340,1135,1135,1205,235,338,1140,1204
gate_c_v1,8100011,False,False,transport_timeout,1200,40.0,0.0025,0.008333333333333333,0.013108297735009313,0.03031827888080894,235,True,1201,7.229507340000829e-09,1201,1201,0,115,115,245,245,300,300,1200,,,,,,
gate_c_v1,8100012,False,False,transport_timeout,1180,39.333333333333336,0.0,0.009322033898305085,0.013155059689293086,0.033214281140431706,231,True,1181,6.798793861229058e-09,1181,1181,0,70,70,200,200,280,280,1180,,,,,,
gate_c_v1,8100013,True,True,strict_success,1125,37.5,0.009777777777777778,0.008888888888888889,0.010431962178498877,0.03001195123975386,220,True,1126,7.15933934358759e-09,1126,1126,0,85,85,215,215,295,295,1055,1055,1125,215,292,1060,1124
gate_c_v1,8100014,True,True,strict_success,1200,40.0,0.0033333333333333335,0.009166666666666667,0.010879605793852424,0.02933535441016823,235,True,1201,7.442874363702834e-09,1201,1201,0,65,65,195,195,350,350,1130,1130,1200,195,348,1135,1199
gate_c_v1,8100015,False,False,transport_timeout,1190,39.666666666666664,0.0008403361344537816,0.009243697478991597,0.012967456752423343,0.03125752822352075,233,True,1191,7.412970570719324e-09,1191,1191,0,85,85,215,215,290,290,1190,,,,,,
gate_c_v1,8100016,True,True,strict_success,1170,39.0,0.006837606837606838,0.007692307692307693,0.01072487756056279,0.03073089777163271,229,True,1171,7.4253430487614125e-09,1171,1171,0,105,105,235,235,320,320,1100,1100,1170,235,319,1105,1169
gate_c_v1,8100017,True,True,strict_success,1220,40.666666666666664,0.014754098360655738,0.013114754098360656,0.01178515415644927,0.03290075767042172,239,True,1221,1.4332986075782372e-08,1221,1221,0,95,95,225,225,345,345,1150,1150,1220,225,341,1155,1219
gate_c_v1,8100018,True,True,strict_success,1270,42.333333333333336,0.028346456692913385,0.006299212598425197,0.013112116078199,0.03323607585291212,249,True,1271,7.344954755517108e-09,1271,1271,0,155,155,280,280,340,340,1200,1200,1270,280,336,1205,1269
gate_c_v1,8100019,True,True,strict_success,1210,40.333333333333336,0.0256198347107438,0.00909090909090909,0.012384304691233071,0.03256623850254168,237,True,1211,7.237001581339442e-09,1211,1211,0,130,130,260,260,325,325,1140,1140,1210,260,323,1145,1209
gate_c_v1,8100020,False,False,transport_timeout,1275,42.5,0.023529411764705882,0.007058823529411765,0.013225025412469475,0.03223046277327421,250,True,1276,7.4111710379742846e-09,1276,1276,0,125,125,270,270,375,375,1275,,,,,,
gate_c_v1,8100021,False,False,reach_timeout,360,12.0,0.275,0.019444444444444445,0.018725869215768066,0.04888797672127504,67,True,361,3.660115099890504e-09,361,361,0,360,,,,,,,,,,,,
gate_c_v1,8100022,False,False,transport_timeout,1195,39.833333333333336,0.0016736401673640166,0.009205020920502092,0.01319485784857899,0.03172595504648354,234,True,1196,7.687017805277363e-09,1196,1196,0,90,90,220,220,295,295,1195,,,,,,
gate_c_v1,8100023,True,True,strict_success,1220,40.666666666666664,0.018032786885245903,0.006557377049180328,0.01100882224094818,0.029829328942873736,239,True,1221,7.2305525594673625e-09,1221,1221,0,160,160,285,285,340,340,1150,1150,1220,285,337,1155,1220
gate_c_v1,8100024,True,True,strict_success,1195,39.833333333333336,0.018410041841004185,0.0100418410041841,0.011041414511327514,0.03167863948231118,234,True,1196,7.312902977618663e-09,1196,1196,0,115,115,245,245,330,330,1125,1125,1195,245,329,1130,1194
gate_c_v1,8100025,False,False,transport_timeout,1190,39.666666666666664,0.0008403361344537816,0.010084033613445379,0.01309774058067584,0.030586107956552165,233,True,1191,7.143114155727659e-09,1191,1191,0,105,105,235,235,290,290,1190,,,,,,
gate_c_v1,8100026,True,True,strict_success,1165,38.833333333333336,0.0,0.007725321888412017,0.011101267192161616,0.03165347951177197,228,True,1166,7.712960235772837e-09,1166,1166,0,80,80,210,210,285,285,1095,1095,1165,210,281,1100,1164
gate_c_v1,8100027,False,False,transport_timeout,1200,40.0,0.004166666666666667,0.01,0.012871630957703136,0.031473455351682014,235,True,1201,7.245472194439273e-09,1201,1201,0,105,105,235,235,300,300,1200,,,,,,
gate_c_v1,8100028,False,False,transport_timeout,1170,39.0,0.0,0.009401709401709401,0.013209258299146497,0.03337405055758418,229,True,1171,6.951261483090221e-09,1171,1171,0,75,75,205,205,270,270,1170,,,,,,
gate_c_v1,8100029,False,False,transport_timeout,1195,39.833333333333336,0.0,0.008368200836820083,0.01320859066601286,0.03241360100020415,234,True,1196,7.149568576059195e-09,1196,1196,0,90,90,220,220,295,295,1195,,,,,,
gate_c_v2,8100000,True,True,strict_success,1290,43.0,0.0,0.007751937984496124,0.013010086407590571,0.03127833752485624,253,True,1291,7.543551755473388e-09,1291,1291,0,65,65,195,195,270,270,1220,1220,1290,195,269,1225,1289
gate_c_v2,8100001,True,True,strict_success,1270,42.333333333333336,0.0,0.007086614173228346,0.013019930816908085,0.031025278792896394,249,True,1271,8.02251336196047e-09,1271,1271,0,80,80,210,210,285,285,1200,1200,1270,210,284,1205,1269
gate_c_v2,8100002,True,True,strict_success,1300,43.333333333333336,0.002307692307692308,0.0038461538461538464,0.013295076692955606,0.030878576546677774,255,True,1301,6.743427038991001e-09,1301,1301,0,90,90,220,220,300,300,1220,1220,1300,220,297,1225,1296
gate_c_v2,8100003,True,True,strict_success,1160,38.666666666666664,0.0,0.007758620689655172,0.010995817025211059,0.030443145324243144,227,True,1161,7.45809136670772e-09,1161,1161,0,70,70,200,200,270,270,1090,1090,1160,200,268,1095,1159
gate_c_v2,8100004,True,True,strict_success,1335,44.5,0.003745318352059925,0.008988764044943821,0.013160430661144982,0.03157176409063418,262,True,1336,7.4211937706181175e-09,1336,1336,0,110,110,240,240,310,310,1265,1265,1335,240,310,1270,1334
gate_c_v2,8100005,False,False,transport_timeout,1755,58.5,0.4740740740740741,0.002279202279202279,0.019559714817709264,0.03504958272280188,346,True,1756,6.589714995897111e-09,1756,1756,0,220,220,340,340,405,405,1755,,,,,,
gate_c_v2,8100006,False,False,premature_detach,285,9.5,0.0,0.0,0.010512981485571062,0.017270078453578495,52,True,286,5.0102975657218e-09,286,286,0,60,60,285,,,,,,,,,,
gate_c_v2,8100007,False,False,reach_timeout,360,12.0,0.0,0.0,0.018043136461080023,0.04170032885745988,67,True,361,3.5914016205396138e-09,361,361,0,360,,,,,,,,,,,,
gate_c_v2,8100008,False,False,drop_timeout,1460,48.666666666666664,0.0,0.005479452054794521,0.0131371428948291,0.033956002972353495,287,True,1461,7.287285448687175e-09,1461,1461,0,60,60,190,190,255,255,1220,1220,1460,,,,
gate_c_v2,8100009,True,True,strict_success,1280,42.666666666666664,0.03984375,0.00703125,0.013750904579117698,0.034645400207212115,251,True,1281,7.3064821137780456e-09,1281,1281,0,175,175,300,300,375,375,1210,1210,1280,300,374,1215,1280
gate_c_v2,8100010,True,True,strict_success,1220,40.666666666666664,0.028688524590163935,0.00819672131147541,0.012993183290487688,0.031747990909993806,239,True,1221,7.301973352358271e-09,1221,1221,0,105,105,235,235,340,340,1150,1150,1220,235,338,1155,1219
gate_c_v2,8100011,True,True,strict_success,1320,44.0,0.005303030303030303,0.008333333333333333,0.012980049143592541,0.030557208554412543,259,True,1321,7.31073496185175e-09,1321,1321,0,115,115,245,245,300,300,1250,1250,1320,245,297,1255,1319
gate_c_v2,8100012,True,True,strict_success,1295,43.166666666666664,0.0,0.008494208494208495,0.01319455533269377,0.03238248985427312,254,True,1296,7.1914216942525755e-09,1296,1296,0,70,70,200,200,280,280,1225,1225,1295,200,279,1230,1295
gate_c_v2,8100013,True,True,strict_success,1100,36.666666666666664,0.012727272727272728,0.01090909090909091,0.010351010982248252,0.030533595641042716,215,True,1101,1.4097515710354003e-08,1101,1101,0,85,85,215,215,295,295,1030,1030,1100,215,292,1035,1099
gate_c_v2,8100014,True,True,strict_success,1200,40.0,0.0033333333333333335,0.01,0.010875444461318122,0.02931822337930311,235,True,1201,7.4084638077009934e-09,1201,1201,0,65,65,195,195,350,350,1130,1130,1200,195,348,1135,1199
gate_c_v2,8100015,True,True,strict_success,1210,40.333333333333336,0.0,0.008264462809917356,0.0119341450951494,0.03136558810912386,237,True,1211,7.620277187037061e-09,1211,1211,0,85,85,215,215,290,290,1140,1140,1210,215,287,1145,1209
gate_c_v2,8100016,True,True,strict_success,1170,39.0,0.006837606837606838,0.010256410256410256,0.010667086677840793,0.03071025780276651,229,True,1171,1.3084037686628136e-08,1171,1171,0,105,105,235,235,320,320,1100,1100,1170,235,319,1105,1169
gate_c_v2,8100017,True,True,strict_success,1215,40.5,0.014814814814814815,0.009876543209876543,0.01153366325264208,0.032827420705121714,238,True,1216,1.4154760197282457e-08,1216,1216,0,95,95,225,225,345,345,1145,1145,1215,225,341,1150,1214
gate_c_v2,8100018,True,True,strict_success,1190,39.666666666666664,0.030252100840336135,0.0067226890756302525,0.012454435390914658,0.0326362336808248,233,True,1191,1.3917888785908161e-08,1191,1191,0,155,155,280,280,340,340,1120,1120,1190,280,336,1125,1189
gate_c_v2,8100019,True,True,strict_success,1225,40.833333333333336,0.030204081632653063,0.006530612244897959,0.012963263439788372,0.03203973907421026,240,True,1226,7.136858076739472e-09,1226,1226,0,130,130,260,260,325,325,1155,1155,1225,260,323,1160,1225
gate_c_v2,8100020,True,True,strict_success,1340,44.666666666666664,0.04776119402985075,0.009701492537313432,0.0152834205614954,0.0364761501347358,263,True,1341,1.1367113139648666e-08,1341,1341,0,125,125,270,270,375,375,1270,1270,1340,270,371,1275,1339
gate_c_v2,8100021,False,False,reach_timeout,360,12.0,0.2972222222222222,0.013888888888888888,0.018773471108878982,0.0389301848366511,67,True,361,3.758493266614593e-09,361,361,0,360,,,,,,,,,,,,
gate_c_v2,8100022,True,True,strict_success,1335,44.5,0.026217228464419477,0.012734082397003745,0.01386079234227364,0.03439055407442713,262,True,1336,7.452561491538834e-09,1336,1336,0,90,90,220,220,295,295,1265,1265,1335,220,295,1270,1335
gate_c_v2,8100023,True,True,strict_success,1225,40.833333333333336,0.02122448979591837,0.006530612244897959,0.01106838154880742,0.03035098025324807,240,True,1226,7.252716947847571e-09,1226,1226,0,160,160,285,285,340,340,1155,1155,1225,285,337,1160,1225
gate_c_v2,8100024,True,True,strict_success,1145,38.166666666666664,0.016593886462882096,0.008733624454148471,0.010475995270080312,0.031009569858460408,224,True,1146,7.27560434121699e-09,1146,1146,0,115,115,245,245,330,330,1075,1075,1145,245,329,1080,1145
gate_c_v2,8100025,True,True,strict_success,1290,43.0,0.0007751937984496124,0.010077519379844961,0.013036346864596033,0.030064505839161346,253,True,1291,7.51245626123831e-09,1291,1291,0,105,105,235,235,290,290,1220,1220,1290,235,287,1225,1289
gate_c_v2,8100026,True,True,strict_success,1170,39.0,0.0,0.008547008547008548,0.011161266863058657,0.031147372781355796,229,True,1171,7.39007494088284e-09,1171,1171,0,80,80,210,210,285,285,1100,1100,1170,210,281,1105,1169
gate_c_v2,8100027,True,True,strict_success,1295,43.166666666666664,0.003861003861003861,0.009266409266409266,0.012859684738956283,0.031106550566245086,254,True,1296,7.402109841736504e-09,1296,1296,0,105,105,235,235,300,300,1225,1225,1295,235,297,1230,1295
gate_c_v2,8100028,True,True,strict_success,1295,43.166666666666664,0.0,0.008494208494208495,0.013195480380617347,0.03252166657280468,254,True,1296,8.0988101780477e-09,1296,1296,0,75,75,205,205,270,270,1225,1225,1295,205,267,1230,1295
gate_c_v2,8100029,True,True,strict_success,1320,44.0,0.0,0.007575757575757576,0.013192281586013602,0.03149719523661759,259,True,1321,7.522843209484265e-09,1321,1321,0,90,90,220,220,295,295,1250,1250,1320,220,293,1255,1320
